user_id,email,password,handle
1,bchetwynd0@pinterest.com,849047743-4,alomb0
2,abenois1@istockphoto.com,841745828-X,jbrabant1
3,shandrahan2@si.edu,739287838-7,dabramof2
4,karson3@github.com,469105575-4,rbloxsome3
5,jabernethy4@cocolog-nifty.com,377105508-3,dadkin4
6,echesterfield5@ucsd.edu,401974308-8,cdosdill5
7,mashenhurst6@sciencedirect.com,658333600-6,ebigg6
8,dtorbard7@ftc.gov,597370405-X,nswatman7
9,blemin8@census.gov,099016294-X,cbondley8
10,lcobelli9@vinaora.com,098845960-4,mpoulson9
11,jgrinikhinova@nih.gov,530581997-0,ostirmana
12,bshawb@google.ru,515180909-1,twaterdrinkerb
13,aoveringtonc@wordpress.com,214638283-X,lredihalghc
14,slyfordd@ovh.net,474443438-X,ecarld
15,dlinnemane@woothemes.com,500190495-1,lfryde
16,osmewinf@rediff.com,531628098-9,neckhf
17,dhensmansg@eventbrite.com,478584992-4,jbernardezg
18,odohmsh@bloglovin.com,994581668-3,kdinjesh
19,vkissocki@walmart.com,765465857-5,kriggi
20,cferreiraj@etsy.com,989436236-2,cadacotj
21,akellandk@oakley.com,786827310-0,hheathcotek
22,esauvainl@archive.org,735744846-0,cmcvickerl
23,sdurbanm@indiegogo.com,211205980-7,kavisonm
24,scharopenn@google.com.hk,931604763-3,acottiern
25,pdaileyo@latimes.com,478736594-0,eadamssono
26,bscedallp@nature.com,244006555-2,rwabersichp
27,mdaytonq@smh.com.au,770484548-9,rdavidoffq
28,egainsboror@163.com,088135018-4,ioxerr
29,slenaghens@domainmarket.com,384645359-5,aakisters
30,jbridgewatert@elegantthemes.com,702455959-4,dmitchesont
31,mprysu@mozilla.com,868376796-5,rcarlu
32,ekleiselv@youku.com,512411978-0,mwalkingshawv
33,ugrafhamw@wisc.edu,955868391-4,kniccolsw
34,emckintoshx@comcast.net,475518449-5,lscrutonx
35,bfrenzly@timesonline.co.uk,024115568-1,sashbyy
36,mlaughtissez@berkeley.edu,783402338-1,wdayz
37,jcollopy10@ow.ly,061447467-1,bolsen10
38,mmarcum11@dailymail.co.uk,282121545-2,jdavidove11
39,mudey12@facebook.com,193800242-3,ndrydale12
40,asetterfield13@sciencedaily.com,021167337-4,ltitford13
41,ewraith14@live.com,231729885-4,ebordis14
42,cscole15@chron.com,346518612-5,rcatonne15
43,dbickley16@wp.com,539848263-7,gsamwayes16
44,pbrunelli17@shareasale.com,303708520-7,lspere17
45,amcgennis18@themeforest.net,977200296-5,alapides18
46,mlotwich19@java.com,157637556-0,tconwell19
47,mlaidlow1a@pinterest.com,712896036-8,rgiacopelo1a
48,hrenshall1b@tiny.cc,268170208-9,dblackborne1b
49,jjereatt1c@joomla.org,528670682-7,whulke1c
50,mmattys1d@wix.com,768577681-2,ddolbey1d
51,imazin1e@tinypic.com,375598792-9,mstillwell1e
52,ateale1f@artisteer.com,817150536-8,dcianelli1f
53,htoye1g@addtoany.com,393369749-2,mcoyett1g
54,amacmenamin1h@amazonaws.com,505806388-3,khancock1h
55,mgreensted1i@globo.com,404900542-5,ojonuzi1i
56,arottger1j@samsung.com,989114639-1,vgrosvener1j
57,rmcswan1k@usatoday.com,533195629-7,fmacmechan1k
58,ngrainge1l@nydailynews.com,684809962-7,bwalsh1l
59,rcrayton1m@auda.org.au,152674663-8,mslimon1m
60,rleeming1n@biglobe.ne.jp,525027909-0,hbowser1n
61,dpotts1o@bing.com,644045203-7,mclewlowe1o
62,slayman1p@army.mil,253924097-6,jalsopp1p
63,kbuckberry1q@delicious.com,599618612-8,ehillock1q
64,mmowday1r@youtu.be,036138666-4,flarimer1r
65,nbabe1s@pinterest.com,262457301-1,ldelias1s
66,ecubley1t@hp.com,873194549-X,isollon1t
67,tpedel1u@plala.or.jp,193269397-1,wsives1u
68,sgirardy1v@cbslocal.com,579620308-8,snoone1v
69,elandon1w@admin.ch,370542962-0,ecushion1w
70,aeplett1x@dailymotion.com,468239421-5,dberge1x
71,cmoorman1y@google.co.uk,585830601-2,ctollerfield1y
72,ebasindale1z@t-online.de,682931199-3,mbarfitt1z
73,cbrauns20@fda.gov,765359006-3,mhogbourne20
74,bandreazzi21@ted.com,164014302-5,craisher21
75,dsitwell22@reverbnation.com,673428510-3,kjamison22
76,fiorizzi23@ow.ly,617832817-6,scraney23
77,ecomiam24@yahoo.co.jp,441304800-8,tbrach24
78,asaltmarsh25@craigslist.org,845447908-2,kgrogona25
79,aripper26@furl.net,009320309-8,shadingham26
80,fgreasley27@ft.com,123499470-4,abottomer27
81,proebottom28@networkadvertising.org,930686167-2,hdesseine28
82,nlittefair29@cbsnews.com,214256621-9,adies29
83,wdauber2a@godaddy.com,417435008-6,mschollick2a
84,kcressingham2b@tuttocitta.it,620608139-7,nsalvadore2b
85,coglessane2c@icio.us,286821863-6,jpriddis2c
86,tlemaitre2d@parallels.com,649062255-6,ctours2d
87,ewarlawe2e@nymag.com,419319411-6,mmolyneaux2e
88,afritchley2f@360.cn,137360259-7,ndrinkall2f
89,ttuddall2g@timesonline.co.uk,569352089-7,hcissell2g
90,ffinlator2h@diigo.com,001930205-3,bdepinna2h
91,jglandon2i@loc.gov,697103196-2,jguyer2i
92,mkleinhausen2j@theguardian.com,918470821-2,ecolling2j
93,bsenecaut2k@reddit.com,953050503-5,oambage2k
94,dmackriell2l@indiatimes.com,622461099-1,dlowndes2l
95,clucey2m@pen.io,811837976-0,ascedall2m
96,sgrubey2n@e-recht24.de,203063680-0,sdibdall2n
97,ibresner2o@shutterfly.com,993398782-8,gclacson2o
98,soliveras2p@economist.com,402725664-6,dtombleson2p
99,rwetherick2q@state.gov,828085257-3,rfley2q
100,jdomerq2r@tinyurl.com,240016698-6,ptregea2r
101,cianne2s@ucla.edu,806059342-0,idrewell2s
102,wwitcomb2t@imdb.com,195671820-6,fburder2t
103,ahelis2u@pbs.org,969966175-5,nscahill2u
104,hmozzini2v@weibo.com,241028667-4,kpentercost2v
105,kraithbie2w@sourceforge.net,582270321-6,cillyes2w
106,hcastagneri2x@fastcompany.com,126154650-4,mhallede2x
107,lkarczinski2y@unicef.org,822337377-7,rwalmsley2y
108,aegginton2z@washington.edu,740451398-7,ggerrietz2z
109,tkingaby30@foxnews.com,909816360-2,dwithur30
110,rmacmurray31@miitbeian.gov.cn,267659535-0,dhawker31
111,vtotton32@dailymotion.com,861040886-8,rbergeau32
112,srodie33@tmall.com,674877347-4,fplumbley33
113,igerardi34@twitpic.com,740518076-0,mjennery34
114,amcrobbie35@opensource.org,431446624-3,iparadise35
115,mmatthewman36@yale.edu,817687334-9,dkinig36
116,gmckerron37@sciencedirect.com,737997033-X,dgozzett37
117,klongley38@nytimes.com,108358656-4,aharrington38
118,gkender39@businesswire.com,700891243-9,doquirk39
119,sclemenceau3a@ed.gov,426867076-9,mmorson3a
120,bkirke3b@sbwire.com,348428444-7,mschmidt3b
121,gbernhart3c@msu.edu,644333757-3,cgilstin3c
122,ascoggins3d@deviantart.com,251967210-2,rtanswill3d
123,fmuat3e@miitbeian.gov.cn,744789650-0,bmcclenaghan3e
124,alaux3f@cornell.edu,545103688-8,sgarrity3f
125,efreeman3g@springer.com,968792984-7,mewer3g
126,achapelhow3h@mapy.cz,922529565-0,csindall3h
127,thiddy3i@posterous.com,373745098-6,mdebernardi3i
128,jmacguffog3j@weather.com,546164764-2,ldelasalle3j
129,qlarrington3k@creativecommons.org,153764496-3,eseak3k
130,mphillcox3l@blogger.com,964211299-X,mwooder3l
131,acristoforetti3m@arizona.edu,235075569-X,cmacari3m
132,sdrivers3n@reverbnation.com,190669047-2,kboggish3n
133,jgleder3o@free.fr,459837405-5,jrebeiro3o
134,dshaw3p@psu.edu,207434748-0,lsclanders3p
135,dcloss3q@sohu.com,279300366-2,ctoffano3q
136,mjorio3r@wisc.edu,606366129-8,mlindholm3r
137,oschooley3s@multiply.com,902391992-0,ihanton3s
138,cmacbain3t@miitbeian.gov.cn,560206086-3,ajakubowsky3t
139,rbalharry3u@latimes.com,702747401-8,asantostefano3u
140,fkinastan3v@howstuffworks.com,187486520-5,cmargrem3v
141,mclough3w@digg.com,239095939-3,ashaylor3w
142,ariediger3x@topsy.com,436004613-8,cmarians3x
143,edarko3y@statcounter.com,717689284-9,egoakes3y
144,jhallan3z@unicef.org,220429161-7,mbullen3z
145,mcharlton40@java.com,627793954-8,maddenbrooke40
146,skynnd41@hud.gov,245094443-5,wcroyser41
147,tkilmurry42@storify.com,173030859-7,esermin42
148,mcrookes43@jugem.jp,985694028-1,trentoll43
149,alillo44@prweb.com,178960480-X,rwintle44
150,mmcgifford45@go.com,860843359-1,ldust45
151,obinning46@github.io,431862391-2,aharbinson46
152,hzumbusch47@bbc.co.uk,623134386-3,mmarie47
153,mmahoney48@tuttocitta.it,266415899-6,wrouth48
154,sramirez49@ustream.tv,745708449-5,ablinman49
155,rbeek4a@flavors.me,442238669-7,jhabbal4a
156,htregian4b@msu.edu,607646829-7,mgong4b
157,sbeauchamp4c@google.com.br,663621886-X,scastri4c
158,grylstone4d@constantcontact.com,429388028-3,mway4d
159,swearden4e@acquirethisname.com,302211266-1,smcclenaghan4e
160,cparkinson4f@tamu.edu,116736470-8,obrummitt4f
161,tandersen4g@ucsd.edu,871212536-9,zmertel4g
162,broma4h@pen.io,869315976-3,tludwikiewicz4h
163,gduffie4i@tripadvisor.com,548998862-2,stullis4i
164,schaytor4j@wufoo.com,585141027-2,apostill4j
165,wgraveson4k@multiply.com,862143226-9,saggs4k
166,bpenna4l@eepurl.com,606485626-2,rjinkinson4l
167,khardwidge4m@jugem.jp,542691644-6,agatcliff4m
168,rantal4n@feedburner.com,693098842-1,eybarra4n
169,tsommerville4o@bandcamp.com,743967258-5,jlangelaan4o
170,mplank4p@multiply.com,060416042-9,cblacksell4p
171,bslator4q@goo.gl,763546794-8,lstopford4q
172,wmanna4r@marketwatch.com,565601082-1,nskillett4r
173,ndurban4s@geocities.com,609487841-8,mgonnel4s
174,wflockhart4t@hc360.com,834178745-8,jrealph4t
175,aglazyer4u@behance.net,130118749-6,atidey4u
176,ctitcombe4v@who.int,777220484-1,mrennenbach4v
177,febunoluwa4w@tamu.edu,011740307-5,gblaszczak4w
178,aeverwin4x@seesaa.net,367192952-9,mfitzgeorge4x
179,qpoynton4y@jalbum.net,108866999-9,marchdeacon4y
180,dpaffot4z@edublogs.org,664791354-8,kblaber4z
181,nperrelli50@intel.com,113002852-6,afranzoli50
182,abroadbury51@a8.net,626090715-X,tcranny51
183,rdracey52@cpanel.net,666498101-7,hoswick52
184,pneno53@yellowbook.com,240085447-5,kzupo53
185,yharuard54@gnu.org,127912744-9,hpoletto54
186,tyurukhin55@apple.com,530750123-4,lhinckesman55
187,aguillotin56@creativecommons.org,707620891-1,gfinlason56
188,epaule57@smh.com.au,737341242-4,mduddle57
189,tvase58@businessinsider.com,496976325-9,mshillington58
190,edocksey59@reference.com,562989081-6,nslemmonds59
191,glambricht5a@ucsd.edu,474836533-1,aprovost5a
192,nterron5b@tripod.com,464848200-X,bopfer5b
193,jnyles5c@answers.com,146961249-6,ndyet5c
194,dloiseau5d@last.fm,661146685-1,ckairns5d
195,ccato5e@w3.org,422620664-9,bsaffell5e
196,abinley5f@webeden.co.uk,503014833-7,gfernanando5f
197,fcosgrove5g@hao123.com,178936297-0,bhalliday5g
198,hvasiljevic5h@fda.gov,825226015-2,dcowell5h
199,mcasine5i@symantec.com,721529604-0,cmayow5i
200,celderfield5j@wired.com,999579044-0,sthorn5j
201,darkow5k@linkedin.com,386321159-6,ablind5k
202,trupke5l@youtu.be,977242733-8,mmurie5l
203,gmussotti5m@wired.com,193798634-9,lkemmer5m
204,efarquhar5n@behance.net,375457687-9,dcayle5n
205,mjordon5o@smugmug.com,475124502-3,hnickless5o
206,mgiacopazzi5p@state.tx.us,637970014-5,gfasler5p
207,tskerritt5q@nba.com,051764753-2,rmidgley5q
208,nhuleatt5r@ted.com,213429428-0,mgoble5r
209,hmalatalant5s@github.com,624966660-5,ccoburn5s
210,cmissington5t@webeden.co.uk,803263916-0,rgrumell5t
211,nstryde5u@fema.gov,296468411-1,dlipp5u
212,jwotherspoon5v@yellowpages.com,959348838-3,njaquet5v
213,fmccomiskey5w@merriam-webster.com,294787569-9,zeydel5w
214,cdewsnap5x@microsoft.com,879208434-6,sgoodspeed5x
215,oherley5y@networksolutions.com,451944021-1,asigart5y
216,gassur5z@prlog.org,628591890-2,mhakes5z
217,rshafier60@ocn.ne.jp,031762875-5,pccomini60
218,ssawday61@blinklist.com,986472983-7,pspedroni61
219,hglen62@typepad.com,941648561-6,snoller62
220,awiggins63@army.mil,011646207-8,jfeilden63
221,jsimko64@addtoany.com,443346394-9,mraynard64
222,mwolseley65@census.gov,445324354-5,chowse65
223,akilmurray66@wikispaces.com,265331131-3,jhaggie66
224,gbedder67@senate.gov,105157775-6,vmccaffery67
225,asheivels68@mlb.com,524014704-3,ekorneichik68
226,hmattessen69@skyrock.com,620272255-X,cpibworth69
227,dleal6a@uol.com.br,909401419-X,bhowgill6a
228,dcrosgrove6b@blog.com,880634778-0,kqueenborough6b
229,vjerok6c@ibm.com,994062108-6,rhassell6c
230,wlomasney6d@independent.co.uk,609581544-4,rgarmanson6d
231,ehilley6e@redcross.org,428585898-3,pbean6e
232,ddhenin6f@jugem.jp,434436417-1,esisland6f
233,hharpur6g@w3.org,428479856-1,ttruesdale6g
234,caughtie6h@washington.edu,320679419-6,spoultney6h
235,cthuillier6i@paginegialle.it,075674816-X,glydiard6i
236,bfortey6j@dailymail.co.uk,475017395-9,askase6j
237,kgorden6k@vinaora.com,899188474-1,umacallam6k
238,abrandes6l@sciencedaily.com,710421898-X,eoconcannon6l
239,kportugal6m@si.edu,617008389-1,bcoghill6m
240,anote6n@timesonline.co.uk,370331591-1,eolivera6n
241,cedgecombe6o@howstuffworks.com,537274863-X,dtatnell6o
242,cmcpartling6p@twitter.com,972693155-X,bokenden6p
243,mgabbetis6q@hibu.com,763276235-3,ekingsworth6q
244,twoolliams6r@ibm.com,790214518-1,foller6r
245,oshrimpton6s@wikipedia.org,922271002-9,bslegg6s
246,lhowgego6t@ifeng.com,999978405-4,wvallentine6t
247,cpavis6u@xrea.com,193048999-4,mwinnister6u
248,edarwin6v@engadget.com,732119977-0,dedgeler6v
249,gcremins6w@nytimes.com,226460950-8,rkembery6w
250,mgolborn6x@bluehost.com,240827046-4,scrummy6x
251,hhafford6y@tripadvisor.com,936939144-4,mwomersley6y
252,smains6z@github.io,691240714-5,dzannelli6z
253,lstrete70@usnews.com,002278448-9,mblackford70
254,asallans71@creativecommons.org,173643160-9,cpawelczyk71
255,mcargill72@weather.com,760592156-X,railsbury72
256,randrei73@rakuten.co.jp,307552444-1,tstallybrass73
257,mbruineman74@blogtalkradio.com,141056911-X,dcroisier74
258,asilvester75@gnu.org,126912118-9,edunbavin75
259,zeisenberg76@walmart.com,676805093-1,cwigsell76
260,cmiquelet77@webs.com,839808261-5,jcorsham77
261,csharplin78@clickbank.net,060321474-6,jshotton78
262,bkissick79@comsenz.com,012786687-6,lgoodspeed79
263,mmichelotti7a@fema.gov,726429291-6,ukillingworth7a
264,scrinkley7b@apache.org,944918762-2,srosas7b
265,ekeyse7c@microsoft.com,754274785-1,cdaltry7c
266,amersey7d@mozilla.com,021504218-2,falennikov7d
267,msieve7e@naver.com,888298933-X,tforber7e
268,sfosberry7f@time.com,458521372-4,lyuryatin7f
269,njaan7g@va.gov,646499165-5,byeld7g
270,ejewer7h@histats.com,368044349-8,jtresvina7h
271,cgarfit7i@chron.com,439893859-1,eindge7i
272,mlongland7j@pcworld.com,984649379-7,fwhetnall7j
273,ffrohock7k@privacy.gov.au,552806066-4,dbaudin7k
274,dkrolman7l@ibm.com,615518310-4,cstammer7l
275,bpindred7m@nasa.gov,124189411-6,fkeen7m
276,emattiacci7n@bloglovin.com,073484013-6,dbrownsworth7n
277,talvares7o@illinois.edu,751374388-6,ktomaskunas7o
278,senrich7p@oaic.gov.au,192296701-7,fprantl7p
279,jdismore7q@over-blog.com,699273053-3,iantonijevic7q
280,lcann7r@microsoft.com,692440707-2,bdevitt7r
281,mwheatman7s@cnn.com,748075158-3,emccafferky7s
282,gwayt7t@freewebs.com,579057358-4,gblant7t
283,kkensington7u@shinystat.com,750966031-9,jgavin7u
284,tcolson7v@privacy.gov.au,273221813-8,chanselmann7v
285,skopje7w@ustream.tv,824006057-9,gpeverell7w
286,splacide7x@statcounter.com,105314277-3,kmillin7x
287,gnoen7y@illinois.edu,515036504-1,sdemico7y
288,bbassom7z@senate.gov,869812404-6,gmcdermott7z
289,gheighway80@ft.com,549408510-4,gsutherington80
290,aanscombe81@ovh.net,448563229-6,llilie81
291,ppotten82@prweb.com,449165941-9,gbrito82
292,wflippelli83@kickstarter.com,053020734-6,wtitchmarsh83
293,bswindles84@tripod.com,311907891-3,tearpe84
294,zhowle85@sun.com,943537111-6,dmatuszyk85
295,mbrandacci86@addtoany.com,634528820-9,scudby86
296,bvelten87@pbs.org,231366679-4,dmcgeady87
297,arosenwald88@nydailynews.com,500443951-6,mpipet88
298,emckintosh89@cmu.edu,603849908-3,cianiello89
299,jladell8a@bloomberg.com,355687543-8,fkorejs8a
300,kduignan8b@uiuc.edu,198170567-8,mfilippozzi8b
301,emcduffie8c@irs.gov,081110045-6,glutty8c
302,jmcparland8d@t.co,437235238-7,rpegden8d
303,miaduccelli8e@51.la,555537527-1,fschuck8e
304,miannini8f@g.co,121793552-5,lgolledge8f
305,nkynvin8g@ning.com,244969395-5,arobertson8g
306,aelstow8h@ameblo.jp,092231513-2,rmcinulty8h
307,cflannery8i@usda.gov,529042789-9,egrandisson8i
308,ijurgen8j@pcworld.com,926042963-3,gtatteshall8j
309,ptodarini8k@google.nl,147310702-4,ddiboldi8k
310,bskein8l@stumbleupon.com,442163856-0,rsteen8l
311,ematura8m@typepad.com,302254871-0,kzannutti8m
312,lallone8n@cam.ac.uk,687945882-3,valder8n
313,fharniman8o@un.org,564845004-4,fhorrod8o
314,mcaslin8p@ed.gov,885746955-7,cbonevant8p
315,kdunnico8q@last.fm,366844833-7,bgerant8q
316,mjimson8r@ox.ac.uk,805986023-2,bduplock8r
317,dkluge8s@cargocollective.com,433271976-X,apack8s
318,gstonham8t@lycos.com,615599758-6,ebartosek8t
319,mwalkey8u@economist.com,327721383-8,gferriday8u
320,dcheccuzzi8v@paypal.com,007058037-5,lwilsee8v
321,jhawksworth8w@trellian.com,411083481-3,bpimmocke8w
322,bcolvie8x@usatoday.com,792320681-3,tnorthway8x
323,hcheatle8y@topsy.com,883784862-5,jlabat8y
324,dsollon8z@columbia.edu,049606847-4,pdreng8z
325,mellsworthe90@time.com,365269579-8,nbrimming90
326,smcwhannel91@i2i.jp,748561874-1,elloyds91
327,cthing92@paypal.com,514723913-8,scoyish92
328,sberriman93@mashable.com,226887222-X,lwallwork93
329,mrodolfi94@nhs.uk,743843854-6,idalessio94
330,vbaldacchi95@skyrock.com,093434324-1,sbelison95
331,ahunnicot96@intel.com,426803801-9,wbirtles96
332,mbarrow97@tmall.com,741305406-X,brickman97
333,mragborne98@japanpost.jp,867910929-0,wsam98
334,loshevlin99@about.me,385036514-X,jkits99
335,orey9a@bbb.org,929368181-1,csalmoni9a
336,bminihane9b@earthlink.net,589590416-5,coganian9b
337,ggiovanetti9c@netvibes.com,029461824-4,pisaksen9c
338,scouth9d@mit.edu,349246031-3,mgiscken9d
339,srobjohns9e@myspace.com,990621325-6,epenswick9e
340,sbourdas9f@tripod.com,785246111-5,cmcmains9f
341,mroofe9g@google.com,576661017-3,avigers9g
342,lgriswaite9h@netlog.com,127507466-9,egaddas9h
343,jsooper9i@cloudflare.com,995509935-6,nlownes9i
344,egiorgi9j@wix.com,389631126-3,gandreix9j
345,rroffe9k@gmpg.org,454494665-4,igreatbank9k
346,mlenaghen9l@google.ca,175592675-8,jewbanche9l
347,asouthernwood9m@imdb.com,107518956-X,cprandin9m
348,sloveland9n@jimdo.com,233335337-6,gbaty9n
349,kallbrook9o@trellian.com,639644634-0,gjessopp9o
350,bdella9p@yahoo.com,088459304-5,abartlett9p
351,wcathrae9q@privacy.gov.au,649910789-1,sshewry9q
352,hpullar9r@example.com,633575336-7,adayer9r
353,lfleisch9s@bravesites.com,960807172-0,hhackly9s
354,gwinson9t@unicef.org,038113035-5,ysnookes9t
355,fscarff9u@baidu.com,311474262-9,tbirdwhistle9u
356,zgaunt9v@dailymail.co.uk,624122155-8,cheeks9v
357,amicklewicz9w@deliciousdays.com,266505699-2,pingleson9w
358,atomasian9x@dailymotion.com,071698389-3,lsokell9x
359,skitchenham9y@cbsnews.com,287707204-5,odockerty9y
360,spearcy9z@patch.com,991486839-8,bscullard9z
361,dlawtona0@slashdot.org,261480171-2,agoodleya0
362,mmedcalfa1@google.pl,779838862-1,zbastistinia1
363,fblankhorna2@skype.com,723650632-X,vcolquitta2
364,wowera3@topsy.com,260716896-1,ehehira3
365,piczokvitza4@netvibes.com,125810790-2,crablena4
366,kgreasera5@whitehouse.gov,631448774-9,rhannawaya5
367,lroxbya6@sogou.com,837607277-3,auttinga6
368,hmckiniea7@nasa.gov,318335166-8,cmaclennana7
369,cstreetera8@latimes.com,227446213-5,cklainera8
370,pguittea9@wix.com,358704298-5,obirdwhistlea9
371,dtrassleraa@spotify.com,600827679-5,etilbrookaa
372,aschindlerab@friendfeed.com,202877668-4,lwhittierab
373,nmacaleesac@disqus.com,489652991-X,amulranac
374,bleperead@businessinsider.com,989112865-2,jcaplead
375,jchorltonae@washingtonpost.com,868614855-7,jcoyshae
376,ahumpheryaf@newsvine.com,070346833-2,sharbertaf
377,vkeeneag@google.ca,379854466-2,ddowmanag
378,gfazzioliah@loc.gov,945952185-1,vtestinah
379,avernai@tamu.edu,100539603-5,kalessandriniai
380,nolennikovaj@google.it,622023709-9,bedlinaj
381,rlebournak@vinaora.com,262805344-6,oelsworthak
382,afeldonal@github.io,280886555-4,wdonal
383,draiseam@naver.com,684373385-9,rosanneam
384,lspowagean@chron.com,224022580-7,lsouzaan
385,hfilisovao@amazon.co.uk,296027670-1,choundsomao
386,tminichiap@opera.com,918507358-X,mrodolfiap
387,bmurtyaq@jimdo.com,212298964-5,dstablesaq
388,wgavahanar@sciencedaily.com,763548734-5,fetockar
389,hsquelchas@ucoz.ru,991640921-8,akunzelas
390,mpatinkinat@businessinsider.com,113897216-9,cdyneleyat
391,fashbridgeau@dedecms.com,731448123-7,cbroadfieldau
392,adruceav@ted.com,953001535-6,ofairburneav
393,bmashroaw@facebook.com,439475377-5,spoveyaw
394,mpoliniax@symantec.com,596957885-1,nwaistallax
395,vbrownlieay@aboutads.info,962012547-9,bstansfielday
396,gyitshakaz@mozilla.org,188020157-7,lpalleaz
397,cjeaninb0@netvibes.com,951796967-8,hcrowcheb0
398,ghardwayb1@cafepress.com,778784822-7,bhannb1
399,tsweetb2@webs.com,907316462-1,gcaughteb2
400,cshaldersb3@creativecommons.org,435221774-3,zkopkeb3
401,rtantumb4@seesaa.net,667882059-2,gludlemb4
402,wsidnellb5@mac.com,115933966-X,umenichib5
403,tdevereuxb6@163.com,996348427-1,ncallardb6
404,kmichinb7@google.de,817268940-3,kduckerb7
405,acobonb8@cisco.com,450029822-3,amccloidb8
406,rdouthwaiteb9@sfgate.com,914482027-5,tramsbyb9
407,kfabryba@netlog.com,265229256-0,ybassonba
408,goosthoutdevreebb@discuz.net,062823684-0,kturesbb
409,kidillbc@flickr.com,058093642-2,charmebc
410,jsandesonbd@gmpg.org,878133288-2,jmahareybd
411,hdyetbe@lycos.com,969096939-0,bgamblebe
412,hbettlesonbf@lulu.com,811620900-0,saitchesonbf
413,ghemberbg@answers.com,729191053-6,mpetrollobg
414,tizhakybh@cnn.com,840390822-9,bhurdwellbh
415,rlantuffebi@google.de,073711680-3,jdobsonsbi
416,vcominolibj@histats.com,027040736-7,pheskinsbj
417,fnuemannbk@istockphoto.com,037694834-5,rthawbk
418,rtapsonbl@google.nl,113886048-4,cbutterfillbl
419,ccutajarbm@is.gd,345023207-X,ksheppardbm
420,lthickinsbn@cocolog-nifty.com,827519922-0,abarcroftbn
421,chumberbo@de.vu,982460633-5,lcullimorebo
422,jjecockbp@yellowpages.com,569694865-0,cbuddingtonbp
423,dmacphadenbq@tinyurl.com,086246879-5,bjaniakbq
424,icoonbr@indiegogo.com,209772748-4,acutsforthbr
425,dgausonbs@booking.com,308829799-6,ctauntonbs
426,ebrideauxbt@stanford.edu,979375071-5,msterlingbt
427,hmckaybu@live.com,439617259-1,lmutterbu
428,squelchbv@devhub.com,329905328-0,jclairbv
429,rmadgwichbw@google.com.br,375178535-3,gmeryettbw
430,gshowellbx@nydailynews.com,087137110-3,gskahillbx
431,mwainwrightby@cornell.edu,686926979-3,rmelburgby
432,gcastaniebz@github.io,958454288-5,mmcdermottrowbz
433,zcolleckc0@alibaba.com,786975380-7,dpaoloc0
434,amationc1@ebay.co.uk,852658437-5,bbritianc1
435,bjohnesc2@yellowpages.com,764936471-2,cskusec2
436,ccolletonc3@bbc.co.uk,651807115-X,oaburrowc3
437,rashingtonc4@fc2.com,644491411-6,yhamertonc4
438,eedmonstonc5@irs.gov,284077686-3,bpankethc5
439,zrawlinc6@photobucket.com,235326144-2,vpearsonc6
440,clyburnc7@tripod.com,102800370-6,ualgorec7
441,chaslockec8@shareasale.com,473193518-0,bskitteralc8
442,jkasmanc9@hud.gov,453062338-6,mgobbettc9
443,agerreltsca@printfriendly.com,956677334-X,jgrowyca
444,wschubartcb@japanpost.jp,198131089-4,lthreadercb
445,cethersoncc@apple.com,828115920-0,jalthorpecc
446,dpennockcd@sun.com,915671117-4,tmessercd
447,jarnizce@google.fr,037874261-2,lbunfordce
448,bwalbrookcf@mozilla.org,036621669-4,aaymescf
449,lcornfootcg@mlb.com,303540658-8,lserridgecg
450,dlawlessch@cocolog-nifty.com,347987465-7,rjereattch
451,kchurchouseci@cisco.com,028640944-5,gfullaloveci
452,eszantocj@craigslist.org,872160356-1,kskeatescj
453,jragatck@sphinn.com,984778544-9,cervinck
454,sgoakscl@icq.com,867916662-6,bquixleycl
455,omckernancm@redcross.org,970048331-2,criggecm
456,abucknellcn@joomla.org,756783106-6,sklimowskicn
457,astraneoco@yolasite.com,755747820-7,djanissonco
458,apettegreecp@aboutads.info,902990926-9,tlamanbycp
459,lscarfecq@amazon.co.uk,229928175-4,kfallacq
460,csteggalscr@bbc.co.uk,796175213-7,acordnercr
461,pcasescs@alexa.com,984486996-X,emuddcs
462,lberryannct@qq.com,970908705-3,sclutterbuckct
463,jtuftincu@chron.com,174019012-2,bpaschkecu
464,tbalchencv@craigslist.org,054194143-7,chemphallcv
465,klandmancw@disqus.com,315310050-0,ecomiamcw
466,fbambracx@friendfeed.com,074460123-1,gwynettcx
467,glalondecy@trellian.com,500682302-X,swayvillcy
468,mkillbycz@uiuc.edu,681348991-7,dwadsworthcz
469,acolingd0@jiathis.com,204373585-3,akuhwaldd0
470,egrzesd1@mapquest.com,040040517-2,dingrahamd1
471,leydend2@abc.net.au,894203589-2,dmarzelled2
472,ndohmerd3@reddit.com,945722171-0,bmorriesond3
473,gstonaryd4@slashdot.org,236693542-0,lbackshelld4
474,jcolthurstd5@salon.com,845383794-5,eskillandersd5
475,hpaxmand6@merriam-webster.com,696313789-7,eperfittd6
476,domahoneyd7@jimdo.com,225729759-8,speasbyd7
477,amcgilvrad8@icq.com,254629213-7,hhessled8
478,mwigleyd9@apache.org,829521430-6,hcharlesd9
479,psaunperda@ustream.tv,223417058-3,jwanklynda
480,ewilcotdb@statcounter.com,710733147-7,senrigodb
481,achristophersdc@umn.edu,933615158-4,wglanfielddc
482,ahedgerdd@printfriendly.com,017016486-1,ezannettidd
483,kbartolomivisde@globo.com,721605880-1,pcastlakede
484,cbaldackdf@webeden.co.uk,023883959-1,mgregolindf
485,lwardhoughdg@arstechnica.com,455329709-4,isharpindg
486,bwolfendendh@dagondesign.com,914635855-2,ctackleydh
487,rmckeondi@nydailynews.com,951108820-3,gcolbrandi
488,cchanterdj@spotify.com,556335633-7,ksiselanddj
489,abussydk@wunderground.com,156972297-8,ayerralldk
490,rkipplingdl@lycos.com,266193432-4,jvoiseydl
491,dradwelldm@ucoz.ru,026429771-7,gmogerdm
492,adowreydn@ibm.com,228755117-4,nhigginbottamdn
493,rbernardosdo@hhs.gov,357479796-6,rhartzogsdo
494,stweedelldp@ezinearticles.com,027022148-4,gwinfreddp
495,oerrichellidq@merriam-webster.com,473824483-3,mrookebydq
496,kgurrydr@reverbnation.com,530915432-9,lwreiforddr
497,vpaolinids@yahoo.co.jp,298450992-7,dwallickerds
498,gsartindt@ed.gov,296910528-4,mnorvelldt
499,fdouthwaitedu@wikimedia.org,335469195-6,dtolletdu
500,ahannahdv@comsenz.com,039821158-2,sbaptydv
501,hbelisondw@meetup.com,168492869-9,ehonschdw
502,kstrachandx@mit.edu,702012140-3,mindruchdx
503,athairsdy@usnews.com,544756298-8,fjeaffersondy
504,kserledz@reuters.com,932025766-3,dpetegredz
505,wwellene0@psu.edu,971466592-2,gfuentese0
506,pflinne1@tamu.edu,544286615-6,skealye1
507,rjonese2@gravatar.com,847297232-1,sbelloche2
508,edoubravae3@nih.gov,445599210-3,lclimere3
509,sdurnalle4@mail.ru,573087308-5,fmabbette4
510,lporchere5@phoca.cz,193647519-7,adionisettie5
511,slernere6@mtv.com,264811145-X,cemsliee6
512,rwetherille7@mysql.com,494748441-1,cspilsburiee7
513,sbere8@mlb.com,318265013-0,mteglere8
514,bdowdinge9@telegraph.co.uk,919483391-5,rironsidee9
515,sdorianea@myspace.com,537799843-X,jvlachea
516,mkincheb@google.com.au,489464872-5,jtakseb
517,bbeavingtonec@usnews.com,577737482-4,thoofeec
518,ltallanted@newsvine.com,595643531-3,sokynsillagheed
519,amacvanamyee@merriam-webster.com,619582808-4,rtwiningee
520,mdiamantef@yahoo.com,651353488-7,rpawnsfordef
521,etorrittieg@sun.com,449369815-2,mstookeseg
522,lbottomoreeh@histats.com,116839221-7,dcorniereh
523,salcoranei@netvibes.com,573534897-3,hdraijerei
524,groadknightej@delicious.com,129210292-6,srachuigej
525,gosmondek@digg.com,742990179-4,ewerrettek
526,igoodeeel@cafepress.com,144129978-5,tmutchel
527,ctudgayem@hexun.com,293785258-0,ccanepeem
528,ldomerqueen@hatena.ne.jp,986977012-6,npendreden
529,tskahilleo@lycos.com,025237706-0,gkincaideo
530,dshackleep@e-recht24.de,221066193-5,brichardesep
531,icorringtoneq@drupal.org,399473911-X,syoleeq
532,rwinmiller@miitbeian.gov.cn,433027599-6,skirszer
533,mmallatrattes@ihg.com,340804511-9,ehanbidgees
534,isentonet@oaic.gov.au,633214632-X,vhechlinet
535,ashivlineu@163.com,427882353-3,bgribbelleu
536,kjosephiev@4shared.com,627962347-5,ljoncicev
537,hcovoliniew@sfgate.com,642722619-3,mhedmanew
538,nsimnorex@blog.com,384480387-4,bcordeauex
539,helrickey@a8.net,793057455-5,cjackmaney
540,canespieez@wisc.edu,034761735-2,kpackmanez
541,cronchif0@narod.ru,622290502-1,qburdellf0
542,sennsf1@craigslist.org,764499256-1,elowlessf1
543,sbambroughf2@earthlink.net,167607866-5,barmitagef2
544,pflettf3@youtu.be,358031829-2,rmosbyf3
545,rizchakif4@google.it,145592195-5,liacapuccif4
546,cbrockhousef5@engadget.com,074529418-9,cschultzef5
547,rmcsperrinf6@answers.com,777329360-0,hkitteridgef6
548,bwarringtonf7@hostgator.com,349447819-8,sgainsburghf7
549,dmclainef8@patch.com,326352933-1,mcokef8
550,fpeplerf9@bizjournals.com,169093421-2,emcnellyf9
551,cvicareyfa@topsy.com,892478025-5,mpleyfa
552,cmcgaugiefb@illinois.edu,394004392-3,egaitskellfb
553,lallworthyfc@cbsnews.com,144222532-7,alaurenzfc
554,cjantonfd@gnu.org,550508107-X,ochattoefd
555,abeminsterfe@t.co,315442450-4,mcardusfe
556,adranfieldff@house.gov,382163578-9,qdowersff
557,crosenstockfg@github.com,320510946-5,eboydefg
558,sropefh@webeden.co.uk,326283599-4,gcovolinifh
559,vocarrollfi@noaa.gov,230849041-1,asutclifffi
560,bbirkenheadfj@flavors.me,719209618-0,mshierfj
561,sbalazsfk@jalbum.net,463747994-0,kvannarfk
562,rklimowskifl@ucoz.com,031255899-6,psyphusfl
563,alawillefm@umn.edu,559089546-4,ebaudainsfm
564,keppsonfn@goo.gl,737375644-1,yrarityfn
565,apaceyfo@admin.ch,017099704-9,lsindlefo
566,lgoodreidfp@umn.edu,390625006-7,aoxburghfp
567,mblestfq@1und1.de,111189658-5,tpovahfq
568,dcudifffr@buzzfeed.com,996611084-4,swarrackfr
569,aagneyfs@theglobeandmail.com,507164020-1,kbthamfs
570,slaydelft@google.co.uk,607137264-X,crablanft
571,lmacroriefu@cbc.ca,339202081-8,scrinsonfu
572,mrickeardfv@fastcompany.com,520947091-1,rvaughtenfv
573,tthomsfw@baidu.com,981078074-5,pchannonfw
574,lmertonfx@squidoo.com,455776689-7,bschoolingfx
575,ctearnyfy@hostgator.com,415216863-3,sgosnallfy
576,jgilfordfz@nasa.gov,194851306-4,jhurrionfz
577,celisg0@artisteer.com,496011893-8,sellerkerg0
578,jpercifullg1@accuweather.com,021970143-1,abaxterg1
579,eswabyg2@berkeley.edu,854979648-4,faspling2
580,ipinkertong3@posterous.com,700238103-2,slouysg3
581,aaikettg4@123-reg.co.uk,898729368-8,bbasiloneg4
582,mmoynihang5@springer.com,882997736-5,lgiovanazzig5
583,etrimbeyg6@jimdo.com,434634338-4,ppinckneyg6
584,vaffusog7@shop-pro.jp,092474084-1,aahreng7
585,rreedieg8@utexas.edu,468092335-0,tlecountg8
586,rjeacockg9@sun.com,926157839-X,vdomangeg9
587,smundowga@mapy.cz,115769514-0,noveralga
588,aillingsworthgb@mysql.com,714316027-X,mcherryholmegb
589,mdionisettogc@flavors.me,043301619-1,cbengtsongc
590,amorogd@networkadvertising.org,048608082-X,mstairsgd
591,dgumbrellge@independent.co.uk,495337776-1,bousbyge
592,nfairningtongf@deviantart.com,572599051-6,cdorracottgf
593,wloyntongg@cdc.gov,082882071-6,gmakeswellgg
594,cleathesgh@cdbaby.com,898567026-3,gkensettgh
595,egoodrickgi@washington.edu,087634492-9,hmercikgi
596,pemorgj@dion.ne.jp,638492287-8,trottchergj
597,slelliottgk@meetup.com,797761478-2,apenrightgk
598,lfreiregl@google.com.hk,974229585-9,ggallihaulkgl
599,squibellgm@freewebs.com,921158261-X,yarnholdtgm
600,dhizirgn@cmu.edu,982540101-X,abletsogn
601,ebrassego@indiegogo.com,603412580-4,cjanceygo
602,aiskowitzgp@soup.io,933003130-7,mbeebeegp
603,bhorbathgq@oakley.com,439306812-2,sboarergq
604,gspunergr@youtube.com,358155474-7,jsanziogr
605,osavegegs@independent.co.uk,923460720-1,agoodfellowgs
606,mstrettlegt@nymag.com,485265254-6,acraydengt
607,hwadiegu@wikipedia.org,993073248-9,lsinnockegu
608,vholsallgv@topsy.com,788914530-6,cvolontegv
609,tbosselgw@hatena.ne.jp,926453587-X,vtyergw
610,amottengx@taobao.com,805163907-3,hgodfreygx
611,ldunsmuirgy@hp.com,081857869-6,dclayworthgy
612,hrogansgz@dot.gov,468068569-7,klambdeangz
613,ahandysideh0@craigslist.org,535454275-8,pswinbourneh0
614,hlinningh1@aboutads.info,213370511-2,bmoyserh1
615,cdutnallh2@facebook.com,903236549-5,mcattlowh2
616,fdearsleyh3@samsung.com,279955265-X,rpuckhamh3
617,mtrainh4@ezinearticles.com,161241092-8,lpaszekh4
618,cbyrcherh5@fc2.com,571900947-7,dtolchardeh5
619,oschimpkeh6@soup.io,466280828-6,rstaveleyh6
620,bmcgeochh7@hibu.com,715162616-9,rplacidoh7
621,fcroisdallh8@hp.com,013676614-5,abambletth8
622,dcocklandh9@seattletimes.com,784456450-4,ldownesh9
623,smowsonha@desdev.cn,859817162-X,kgrandisonha
624,wblatchfordhb@ustream.tv,897706228-4,jeaseyhb
625,garnaldyhc@webeden.co.uk,171755789-9,mkonertzhc
626,ggrogonohd@ihg.com,518066225-7,nrupertohd
627,gchatfieldhe@surveymonkey.com,775186445-1,nlawtiehe
628,ncastanehf@indiegogo.com,289372974-6,bworthyhf
629,tlippitthg@cyberchimps.com,194651679-1,adaintonhg
630,abiltonhh@home.pl,903208705-3,zrainonhh
631,dhemberhi@buzzfeed.com,062352677-8,wworthingtonhi
632,lsilverhj@google.co.jp,732842719-1,mblackboroughhj
633,cthamshk@elpais.com,965565317-X,dyoxallhk
634,lfoucherhl@ft.com,935097237-9,ajobbinshl
635,frudwellhm@statcounter.com,889098039-7,gcobdenhm
636,asyddallhn@unicef.org,556641377-3,ccompstonhn
637,hhearsumho@elpais.com,706477500-X,cbauntonho
638,ewarrickhp@google.fr,129485334-1,bwoolfhp
639,mpatricksonhq@apache.org,325856347-0,acamamillhq
640,astandrinhr@weibo.com,056332725-1,zkeablehr
641,cdrysdellhs@nsw.gov.au,497802240-1,jrochesterhs
642,pdeerrht@paypal.com,058424824-5,mruskeht
643,fpoultneyhu@marketwatch.com,256625947-X,gbudgethu
644,bderyebarretthv@domainmarket.com,069139809-7,misbellhv
645,gcurryhw@foxnews.com,167074915-0,rannandhw
646,wminchindenhx@joomla.org,606613747-6,kcastellonehx
647,mpoznanskihy@blogger.com,846812846-5,ryakhinhy
648,jsorehz@amazon.com,167159444-4,dlibrihz
649,vhearli0@quantcast.com,723997974-1,rharki0
650,atargetteri1@drupal.org,190465627-7,gstilesi1
651,nreedi2@wunderground.com,230031820-2,joldingi2
652,ctousoni3@pen.io,749624448-1,mhaycrafti3
653,mcatheralli4@sciencedirect.com,295192795-9,baireyi4
654,mzorroi5@go.com,210790754-4,sblaisi5
655,brobisoni6@goodreads.com,850524260-2,mvowlesi6
656,lmowlesi7@addthis.com,029236110-6,ryerburyi7
657,citzkovwitchi8@microsoft.com,672867545-0,dfarrani8
658,shallgathi9@bigcartel.com,462542777-0,hmosconii9
659,sboswardia@google.ru,797360803-6,ecrippellia
660,idaviddeib@nbcnews.com,258835391-6,bcarlensib
661,sjendrassikic@mozilla.com,520350968-9,fhawsic
662,ksonierid@hatena.ne.jp,170747200-9,jchamid
663,gbottomerie@icq.com,121339079-6,wtrewhellaie
664,fgeroldif@ft.com,061237829-2,lbenaineif
665,ejeggoig@netvibes.com,906622947-0,dbenaineig
666,alattyih@constantcontact.com,789999426-8,plardinerih
667,astranksii@sina.com.cn,647679717-4,mgrevesii
668,lreganij@sitemeter.com,088303461-1,rheaneyij
669,sprestedgeik@tumblr.com,597274790-1,vbitchenoik
670,dstorryil@bravesites.com,033238524-8,erichardsonil
671,jbonifazioim@timesonline.co.uk,381856740-9,mmosleyim
672,efrendin@blogs.com,067523161-2,roxboroughin
673,favrahamio@google.com.br,951253410-X,mdiglinio
674,btorresiip@guardian.co.uk,459723943-X,estraussip
675,asheereiq@wordpress.org,966985879-8,pgorgleriq
676,sorangeir@taobao.com,972387145-9,cdanellir
677,tespineis@taobao.com,177024866-8,chawkinis
678,rlannenit@wunderground.com,787617087-0,abonifazioit
679,eaddessiu@google.com.br,328126408-5,ulambrichtiu
680,crodmaniv@flavors.me,573279089-6,bcastaneiv
681,omcliseiw@indiatimes.com,759417680-4,cpammenteriw
682,clarsenix@tiny.cc,638367653-9,grulfix
683,maynoldiy@imgur.com,780399447-4,tkillimisteriy
684,rogroganeiz@creativecommons.org,718330014-5,mdaweiz
685,gwakehamj0@delicious.com,403186759-X,redmundsj0
686,mramstedj1@ucla.edu,329381638-X,lberj1
687,asizlandj2@mozilla.org,667921376-2,ltoselandj2
688,ogowlingj3@engadget.com,211090792-4,gextancej3
689,pgrazierj4@weibo.com,734350988-8,rfrodsamj4
690,ependrighj5@unc.edu,636034899-3,sjentonj5
691,mbeckworthj6@blogtalkradio.com,724456229-2,bmawdsleyj6
692,ymournianj7@va.gov,697191712-X,eeakinj7
693,lstuerj8@hugedomains.com,806897159-9,sfrancoisj8
694,rmccarrollj9@sfgate.com,556770072-5,ofrenchj9
695,vwatheyja@blog.com,441920251-3,ccapleja
696,bblackaterjb@ovh.net,863469590-5,vblandenjb
697,mwinnjc@mysql.com,593389260-2,adanickjc
698,lwhapplejd@gizmodo.com,865947430-9,cjearyjd
699,pgrogerje@51.la,814292789-6,dyantsurevje
700,blevanejf@usa.gov,967763991-9,lcoultardjf
701,sleckeyjg@geocities.com,917615431-9,fgiamittijg
702,lballsdonjh@prnewswire.com,777896356-6,fudalljh
703,sgoodhayji@google.it,036659196-7,dauthersji
704,lberthonjj@yellowbook.com,345785319-3,ljuddjj
705,dthirlwalljk@senate.gov,961102028-7,vdupreejk
706,gstaggejl@angelfire.com,830256323-4,ncardiffjl
707,blummusjm@answers.com,220381113-7,rmatoshinjm
708,amylanjn@samsung.com,662081159-0,pkeppinjn
709,epetruschjo@sina.com.cn,786427196-0,ehischkejo
710,mandrezjp@fc2.com,862654440-5,vfinlatorjp
711,rlagdenjq@princeton.edu,244276355-9,phenstonejq
712,hbengoecheajr@geocities.com,006778090-3,vculpenjr
713,cellarjs@newyorker.com,413172323-9,iedgarjs
714,lmcmurrayajt@woothemes.com,941976035-9,nmorgansjt
715,rlarmouthju@auda.org.au,958418582-9,dviantju
716,wcolcloughjv@bing.com,542609876-X,qtuffreyjv
717,hpaulsonjw@sina.com.cn,106464500-3,lgostalljw
718,oclowjx@51.la,887315873-0,hprattonjx
719,cstrippjy@about.com,438439047-5,tdmychjy
720,mscogganjz@flavors.me,265082344-5,idemkowiczjz
721,jdudmeshk0@networkadvertising.org,940111407-2,ftruslerk0
722,rboshellk1@storify.com,601616070-9,pskillernk1
723,scarniliank2@phoca.cz,037434700-X,briordank2
724,bpassek3@timesonline.co.uk,483344647-2,arozenbaumk3
725,tbedwardk4@bizjournals.com,937973781-5,tpetrikk4
726,lcrucittik5@comsenz.com,586002961-6,fdowdamk5
727,mtukelyk6@mozilla.org,379646631-1,mchallinerk6
728,llangthornek7@parallels.com,351406822-4,tferrarink7
729,mneadsk8@miitbeian.gov.cn,794056431-5,payerstk8
730,jspybyk9@skype.com,183287140-1,nhulburtk9
731,abrentnallka@unc.edu,357897827-2,bboyenka
732,kbogkb@nhs.uk,266402476-0,baverieskb
733,osuggittkc@about.me,116180632-6,asuttabykc
734,kferronkd@ed.gov,143781417-4,cduckerkd
735,rburchettke@abc.net.au,674619353-5,mgianulloke
736,sethersonkf@boston.com,035759263-8,gkeavekf
737,schidwickkg@php.net,092744444-5,rkinvankg
738,eblackstockkh@blog.com,696912977-2,bmaclesekh
739,amcasterki@netscape.com,736601120-7,wpickfordki
740,alawfulkj@unesco.org,628279133-2,bpillingkj
741,ccamolettokk@vistaprint.com,008350207-6,msheenkk
742,rhanhartkl@w3.org,148419180-3,sthurlingkl
743,dfrisdickkm@ihg.com,082611960-3,bgoodbannekm
744,lsimmonkn@nyu.edu,013052693-2,iwoodfordkn
745,adisleyko@hatena.ne.jp,075618517-3,jsuttabyko
746,aspeakkp@mysql.com,495337334-0,adychekp
747,aphilsonkq@abc.net.au,533041452-0,hshirlawkq
748,lhubachkr@cbsnews.com,929800952-6,ealderseykr
749,gtedahlks@g.co,424094094-X,jwynnks
750,gsonekt@gmpg.org,747498451-2,hbaigriekt
751,nodochertyku@reddit.com,793828707-5,trittmeyerku
752,dscraggkv@uol.com.br,489167610-8,acorbiekv
753,mcaldecotkw@adobe.com,594020075-3,mabsonkw
754,kcripinkx@lulu.com,679309162-X,wthomassinkx
755,cmcreathky@blogtalkradio.com,102336425-5,dlowreyky
756,ycoltenkz@nymag.com,612435263-X,bhylandkz
757,bdimmnel0@wikipedia.org,576117568-1,mbarthroppl0
758,rmordonl1@alexa.com,256740032-X,mdunkl1
759,glorkingl2@stanford.edu,100316968-6,cdurranl2
760,jhanburyl3@smugmug.com,971760417-7,cwortl3
761,epomeryl4@sohu.com,582339500-0,cgreiserl4
762,klambethl5@parallels.com,529709587-5,wmuldowniel5
763,ccolmanl6@usgs.gov,973437865-1,musmarl6
764,avasyatkinl7@nymag.com,390899468-3,zpuddephattl7
765,ahawtinl8@angelfire.com,108654927-9,aliddardl8
766,csaintl9@berkeley.edu,538445479-2,rolliverl9
767,bcolumbellla@stumbleupon.com,888764389-X,geatla
768,elelievrelb@soundcloud.com,510576912-0,bsherrottlb
769,dwhyffenlc@tumblr.com,773649372-3,iroggerlc
770,finnsld@nih.gov,150841729-6,vsawellld
771,lraithle@yandex.ru,409361978-6,agallyhaockle
772,jcartinlf@washington.edu,386016996-3,cpeopleslf
773,jlukelg@qq.com,201971658-5,aygoulg
774,aalleynelh@skype.com,210781188-1,toselandlh
775,taugarli@cdc.gov,555199071-0,fbischoffli
776,irookebylj@ucoz.com,737748995-2,fprattlj
777,rglassmanlk@unblog.fr,994633829-7,bfelcelk
778,nderobertisll@artisteer.com,127235451-2,jgiorgettill
779,rklimuslm@intel.com,353158515-0,rgayforthlm
780,nclercln@blogs.com,808981830-7,rpetrielloln
781,gainsleelo@abc.net.au,109568155-9,dcarslakelo
782,nbehlinglp@washingtonpost.com,030631964-0,bfowleslp
783,sdouchelq@privacy.gov.au,461649415-0,awyldborelq
784,tharriagnlr@goodreads.com,397767217-7,rabramowitchlr
785,ghowsonls@360.cn,227329062-4,zchecklinls
786,tmundeelt@archive.org,102216976-9,wwhyattlt
787,dschoenfischlu@gizmodo.com,554964537-8,liskowlu
788,cbrownlowlv@dailymotion.com,169254995-2,vbeauchamplv
789,lyurocjkinlw@github.com,336389390-6,bdomonelw
790,lpichelx@de.vu,883636057-2,dmckiernanlx
791,rfowdenly@elpais.com,895041909-2,zglendenningly
792,gmiddlemistlz@sina.com.cn,715800038-9,ctripplz
793,eroscampm0@amazon.co.uk,749927716-X,kbusswellm0
794,acoomberm1@4shared.com,154592882-7,dmowburym1
795,crylandsm2@360.cn,894083051-2,jhowsdenm2
796,wjarrym3@reddit.com,772098646-6,ajeppem3
797,npuddinm4@theatlantic.com,872097992-4,gbozwardm4
798,kgonninm5@businesswire.com,998825225-0,vmcglonem5
799,sribchesterm6@jigsy.com,559698127-3,usheildsm6
800,iplayfootm7@aboutads.info,410378099-1,hchivrallm7
801,hcressinghamm8@berkeley.edu,465744637-1,jcolvinem8
802,rcockarillm9@ebay.co.uk,062277345-3,bsimnellm9
803,soldfieldcherryma@dion.ne.jp,030897324-0,awhewillma
804,etrevancemb@netvibes.com,994633512-3,jnealymb
805,khardwaremc@altervista.org,703555409-2,cdurbanmc
806,pgreatbanksmd@printfriendly.com,290425098-0,eforstallmd
807,dbuntinme@weebly.com,483183479-3,ehumphersonme
808,ccoppenhallmf@ustream.tv,385719159-7,cwofendenmf
809,ccotilardmg@marriott.com,812427386-3,lhercockmg
810,jwheildonmh@slideshare.net,004634772-0,agettymh
811,askelhornemi@nymag.com,650567484-5,tbarukhmi
812,bwillmotmj@yellowbook.com,730752335-3,dfilipputtimj
813,pcostarmk@mail.ru,804084491-6,jcorradeschimk
814,dpoynzerml@google.ca,649378936-2,cglasgowml
815,tnowellmm@telegraph.co.uk,961073166-X,pmacmenaminmm
816,nsongistmn@wordpress.org,840210772-9,rpauncefootmn
817,aloddermo@constantcontact.com,041418221-9,vwickettmo
818,tbretellemp@spotify.com,067040970-7,cgisbyemp
819,ayvemq@pbs.org,691693840-4,fportalmq
820,kliliemr@loc.gov,124200760-1,mcoughmr
821,caitchisonms@wordpress.com,182649893-1,csmythms
822,ddanettmt@java.com,873513145-4,rkilmurrymt
823,eparrinmu@lulu.com,803498925-8,hhyammu
824,fribeiromv@surveymonkey.com,492362736-0,nheinonenmv
825,cvanzonmw@merriam-webster.com,175773495-3,cwickesmw
826,bjakubowskymx@netscape.com,102395404-4,vmorpethmx
827,ajouenmy@dagondesign.com,209660300-5,ysummergillmy
828,jtolermz@prnewswire.com,427815331-7,sgiovanittimz
829,gdowtyn0@ucla.edu,480537971-5,gduckeringn0
830,asellackn1@senate.gov,947677287-5,fleneyn1
831,fmurreyn2@skype.com,033816455-3,abowkern2
832,amunbyn3@goo.gl,975686622-5,lsiggeryn3
833,tcaldecourtn4@webnode.com,259360603-7,lcattrelln4
834,aepplen5@google.nl,056855986-X,mgailn5
835,jpetrusn6@google.ca,434697534-8,tredsalln6
836,kmansken7@phoca.cz,800394016-8,kogann7
837,spaulichn8@thetimes.co.uk,201698698-0,kdovidaitisn8
838,kredolfin9@about.me,244385169-9,cfearnyhoughn9
839,rmccomiskiena@wiley.com,147817640-7,dguerreruna
840,jdomengetnb@blogs.com,661547800-5,amullynb
841,rgawkenc@last.fm,864873572-6,cbaggernc
842,ndinnegesnd@blog.com,454377354-3,lfretsonnd
843,jsapenane@dot.gov,636175863-X,rproschkene
844,ebutlandnf@tuttocitta.it,715976250-9,atinmannf
845,rlindsellng@odnoklassniki.ru,063031717-8,fsealeafng
846,squirknh@bloglines.com,506324158-1,jromernh
847,lagneauni@sourceforge.net,459780655-5,lcarlonini
848,jacombnj@timesonline.co.uk,712368906-2,cbeestonnj
849,ekeitleynk@goo.ne.jp,910752447-1,gbraunternk
850,snettlenl@chicagotribune.com,266647511-5,cwilsteadnl
851,jpacknm@mashable.com,916113218-7,wwooffindennm
852,idimitrievnn@wikimedia.org,188178080-5,bgovinlocknn
853,cczajkowskano@webs.com,047151111-0,hskewsno
854,vwhitehornenp@pbs.org,734428090-6,llauretnp
855,jyoodallnq@wiley.com,966807504-8,lendeannq
856,abemmentnr@unesco.org,876237397-8,pberisfordnr
857,adecarteretns@opera.com,771174045-X,hshawns
858,jramasnt@symantec.com,829438011-3,nhailnt
859,mchoppingnu@wp.com,074518822-2,kfarrantsnu
860,adoutchnv@exblog.jp,550740695-2,gtandeynv
861,ebennenw@economist.com,889512799-4,pfiddlernw
862,pdongallnx@ask.com,506776076-1,lhenzleynx
863,jskryneny@paginegialle.it,898479463-5,nwestmoreny
864,psidebottomnz@state.tx.us,359709236-5,tgianuzzinz
865,scowapo0@diigo.com,638307561-6,pduggeto0
866,ebulcho1@meetup.com,165281533-3,aabelao1
867,jlefebreo2@ameblo.jp,477642933-0,fpeintono2
868,khamlyno3@wisc.edu,475878512-0,abendingo3
869,kdullardo4@kickstarter.com,953252302-2,vkallo4
870,aphilpotto5@sciencedaily.com,080092521-1,lskermo5
871,labbatuccio6@bbb.org,226632808-5,hkubackio6
872,ssarvero7@huffingtonpost.com,649602422-7,daluardo7
873,gsurgenoro8@typepad.com,852213913-X,gvearncombo8
874,misherwoodo9@qq.com,461145668-4,hpenhaluricko9
875,fpiperoa@imgur.com,986377658-0,rraybouldoa
876,jgronwob@ameblo.jp,296731726-8,umelrossob
877,fgingleoc@craigslist.org,616359646-3,mmccaffreyoc
878,brickwordod@sakura.ne.jp,426259465-3,tmatschukod
879,afergussonoe@sun.com,420804010-6,fdeortegaoe
880,lcrosfeldof@uol.com.br,394624714-8,tgortonof
881,sfifootog@cnet.com,176775635-6,rgannawayog
882,gchadbandoh@cocolog-nifty.com,778074507-4,cburkhilloh
883,lfallenoi@cocolog-nifty.com,238670603-6,lcorleyoi
884,pimesenoj@google.nl,237845225-X,sfulleroj
885,gcanetok@harvard.edu,228303127-3,vbarradellok
886,dalexsandrowiczol@webeden.co.uk,665877522-2,edreherol
887,lchisnallom@mit.edu,874246601-6,cflecknellom
888,bmccormackon@yolasite.com,089233342-1,mbousleron
889,jwodhamoo@sciencedirect.com,754591110-5,cgalbreathoo
890,glochetop@wordpress.org,881800150-7,acanedoop
891,lstratheoq@rakuten.co.jp,989919700-9,bghioneoq
892,sulrikor@prnewswire.com,369157576-5,bdauberor
893,kmorrallos@slashdot.org,866303489-X,sstrussos
894,asacazeot@sourceforge.net,030565679-1,ltottonot
895,bdeanou@edublogs.org,422736933-9,rebertzou
896,rcarmontov@cocolog-nifty.com,234763025-3,dsnoddonov
897,mcogginsow@altervista.org,610671577-7,jkulicow
898,sduncanox@about.me,760392504-5,amattiuzziox
899,akindreadoy@redcross.org,542249283-8,bduddelloy
900,obartuloz@csmonitor.com,735078345-0,sglasonoz
901,gschwierp0@biglobe.ne.jp,389637598-9,esallierep0
902,scyseleyp1@soundcloud.com,971604381-3,sowainp1
903,czanettinip2@time.com,723080076-5,kspranklingp2
904,ichallicep3@si.edu,580788451-5,tjeffelsp3
905,yrevingtonp4@ihg.com,630146282-3,tpaintainp4
906,blemaryp5@multiply.com,230969609-9,aloynsp5
907,bwallsamp6@issuu.com,065084985-X,mantonyp6
908,dfitzgibbonp7@senate.gov,771550920-5,jhaberghamp7
909,mtresisep8@sbwire.com,435839504-X,edudbridgep8
910,olougheidp9@ox.ac.uk,266337982-4,civankinp9
911,jessonpa@dyndns.org,137811864-2,mottosenpa
912,scounterpb@nyu.edu,267116536-6,velsypb
913,cjoselinpc@icq.com,163201645-1,kcollispc
914,wodoneganpd@telegraph.co.uk,179025420-5,mellershawpd
915,kyanyushkinpe@imgur.com,123589033-3,nthyingpe
916,melmspf@indiegogo.com,522767877-4,emateospf
917,lplaistowepg@youtube.com,575889471-0,fchownpg
918,nardenph@nhs.uk,074912570-5,agwillymph
919,fwheadonpi@gravatar.com,863196400-X,hcaberapi
920,rhaddackspj@pbs.org,607277176-9,dballendinepj
921,skettellpk@tumblr.com,124594200-X,dtettpk
922,tpragnellpl@washingtonpost.com,408616032-3,nbyforthpl
923,sommundsenpm@tmall.com,552210839-8,eshutepm
924,ldillwaypn@ocn.ne.jp,394900198-0,bpratleypn
925,skleinpo@quantcast.com,025923826-0,sappspo
926,apopplepp@engadget.com,920893923-5,bkeyhoepp
927,dbatterspq@fema.gov,812961555-X,rgabelpq
928,rgaucherpr@stanford.edu,552409917-5,rderobertpr
929,ssutchps@github.com,515717341-5,jgubbinps
930,fshillinglawpt@360.cn,183963871-0,ufahertypt
931,arodearpu@seattletimes.com,337691901-1,sknevettpu
932,fhankeypv@over-blog.com,825970480-3,iguerreiropv
933,chayballpw@woothemes.com,568295744-X,bwernerpw
934,ttattersallpx@studiopress.com,230311521-3,gjancapx
935,mhinchcliffepy@statcounter.com,977590358-0,vaslingpy
936,carrandalepz@unblog.fr,454979260-4,bblandenpz
937,alukerq0@bloomberg.com,377517458-3,aroberdsq0
938,kwedonq1@google.de,844577667-3,ebarwisq1
939,dollivierreq2@umn.edu,351041915-4,btrumbleq2
940,hrushmerq3@nasa.gov,459642771-2,bhirtzmannq3
941,cshoweringq4@sina.com.cn,171231617-6,sjeduchq4
942,acromartyq5@dot.gov,603836119-7,adaouseq5
943,ssussamsq6@quantcast.com,703641767-6,nlanstonq6
944,dtoffoloq7@jimdo.com,719138911-7,ddalzellq7
945,jfarlandq8@artisteer.com,991952664-9,cfilipczynskiq8
946,mpinardq9@icq.com,945331009-3,fpayeq9
947,vpavlishchevqa@privacy.gov.au,351842917-5,fmacenzyqa
948,lscothernqb@lycos.com,221240051-9,dspridgeonqb
949,ekilgannonqc@omniture.com,853401006-4,sginglellqc
950,rmallaboneqd@netscape.com,844313985-4,pbarbosaqd
951,ygimberqe@vkontakte.ru,201458046-4,boldingqe
952,taddisonqf@booking.com,546792464-8,nchesworthqf
953,ahawtreyqg@usda.gov,089173662-X,jmccumskayqg
954,mgyseqh@cbsnews.com,275756796-9,ohellicarqh
955,bgrevileqi@apple.com,692433319-2,owanklinqi
956,freeksqj@woothemes.com,934456944-4,ccossumqj
957,dakersqk@nhs.uk,403918936-1,hslaneyqk
958,lrenggerql@is.gd,637641978-X,bfeltonql
959,yfransinelliqm@goo.ne.jp,133112112-4,cjilesqm
960,avokesqn@cbc.ca,216265538-1,apuffettqn
961,rstorrierqo@theglobeandmail.com,649284514-5,rknappenqo
962,lwicklenqp@phoca.cz,537709787-4,btamplingqp
963,mboseleyqq@trellian.com,574783168-2,mmughalqq
964,clefrancqr@dailymail.co.uk,540417520-6,weisikovitshqr
965,kvasechkinqs@netlog.com,016393483-5,sdignonqs
966,wmussoqt@altervista.org,352696948-5,klacknorqt
967,cradnagequ@ucla.edu,976157759-7,cmallinsonqu
968,rwhistonqv@foxnews.com,229449711-2,nsiemonsqv
969,pelgramqw@t-online.de,913622314-X,isibbonsqw
970,cdragonqx@fastcompany.com,482542875-4,bveryardqx
971,rduminiqy@uol.com.br,953477253-4,etoffanelliqy
972,qandorqz@livejournal.com,797558730-3,okyngeqz
973,mkentonr0@nature.com,910538378-1,dtrawinr0
974,bvongladbachr1@umn.edu,127919327-1,cashbeer1
975,isnaithr2@cmu.edu,547226306-9,fmossomr2
976,kkeeneyr3@answers.com,569401385-9,eleadesr3
977,mdebler4@cargocollective.com,157455286-4,jstorrarr4
978,ecadaganr5@fotki.com,394979915-X,rcrumbier5
979,pbalassir6@examiner.com,407880181-1,ghennerr6
980,jboswellr7@t.co,888267223-9,gsnalomr7
981,gkaubler8@nbcnews.com,209306974-1,klippingwellr8
982,clawlingr9@google.it,180242023-1,fmordinr9
983,ejaegarra@craigslist.org,463634850-8,tcornelissera
984,ucreeganrb@patch.com,191463248-6,cswinnrb
985,ahowelsrc@woothemes.com,869787721-0,rmacterlaghrc
986,lburgerrd@jugem.jp,931443287-4,tgraemerd
987,jstansburyre@skype.com,854313039-5,bchamberlainre
988,spaggittrf@skyrock.com,064940092-5,khulkesrf
989,dlewishamrg@census.gov,920508007-1,rstoppsrg
990,atofftsrh@123-reg.co.uk,440908791-6,ecastellacciorh
991,aludmanri@booking.com,824673864-X,lleviri
992,wcastiglionirj@elpais.com,483303001-2,dwoodfinerj
993,bstrafenrk@miibeian.gov.cn,523104819-4,gbenitrk
994,hlongwoodrl@google.cn,568820775-2,dwoolwardrl
995,eclatworthyrm@github.com,352399035-1,jpeploerm
996,amaffeyrn@bloomberg.com,044326482-1,gkhosarn
997,bmcgraffinro@admin.ch,469151866-5,cdorberro
998,pbuckbyrp@examiner.com,848227969-6,dabrahartrp
999,cjiruchrq@usatoday.com,003107487-1,gsalvidgerq
1000,ogroundwatorrr@oaic.gov.au,432436152-5,areadshallrr
